time,valeur,valeur_lisse
1996-01-01,80.7,
1996-01-01,99.4,
1996-01-01,65.25,
1996-02-01,80.78,
1996-02-01,99.5,
1996-02-01,65.31,
1996-03-01,80.87,
1996-03-01,99.6,
1996-03-01,65.38,
1996-04-01,99.8,
1996-04-01,65.51,
1996-04-01,81.03,81.9275
1996-05-01,65.57,80.66666666666667
1996-05-01,81.11,79.1425
1996-05-01,99.9,82.03
1996-06-01,65.57,80.7625
1996-06-01,81.11,79.23
1996-06-01,99.9,82.1125
1996-07-01,65.64,80.84333333333332
1996-07-01,100.0,80.87666666666667
1996-07-01,81.19,82.19416666666667
1996-08-01,100.1,82.21916666666667
1996-08-01,65.71,82.23583333333333
1996-08-01,81.27,82.25583333333333
1996-09-01,100.1,85.13333333333333
1996-09-01,65.71,83.85000000000001
1996-09-01,81.27,82.2975
1996-10-01,65.84,82.32000000000001
1996-10-01,81.43,82.34666666666666
1996-10-01,100.3,82.38000000000001
1996-11-01,81.68,83.71666666666667
1996-11-01,100.6,83.76666666666667
1996-11-01,66.03,82.50333333333333
1996-12-01,81.68,80.96833333333333
1996-12-01,100.6,83.87583333333333
1996-12-01,66.03,82.60583333333334
1997-01-01,100.7,82.65583333333333
1997-01-01,66.1,82.68833333333333
1997-01-01,81.76,82.72916666666667
1997-02-01,66.3,82.7675
1997-02-01,82.0,82.815
1997-02-01,101.0,82.87333333333333
1997-03-01,66.23,81.58583333333333
1997-03-01,81.92,80.02916666666667
1997-03-01,100.9,82.935
1997-04-01,81.92,82.955
1997-04-01,100.9,82.98
1997-04-01,66.23,82.99666666666667
1997-05-01,101.0,83.02166666666666
1997-05-01,66.3,83.03833333333334
1997-05-01,82.0,83.05833333333334
1997-06-01,101.1,85.95833333333333
1997-06-01,66.36,84.65500000000002
1997-06-01,82.08,83.07833333333333
1997-07-01,101.3,86.00083333333333
1997-07-01,82.25,86.02833333333332
1997-07-01,66.49,83.16083333333333
1997-08-01,82.41,83.20166666666667
1997-08-01,66.62,80.345
1997-08-01,101.5,83.28416666666668
1997-09-01,82.65,81.75500000000001
1997-09-01,66.82,81.79833333333333
1997-09-01,101.8,83.44833333333334
1997-10-01,82.81,81.92416666666666
1997-10-01,66.95,81.97333333333334
1997-10-01,102.0,83.63333333333334
1997-11-01,82.9,82.1
1997-11-01,67.02,80.83083333333333
1997-11-01,102.1,83.79833333333333
1997-12-01,67.02,82.51583333333333
1997-12-01,102.1,85.47249999999998
1997-12-01,82.9,83.9225
1998-01-01,102.2,85.55166666666666
1998-01-01,67.08,85.57333333333334
1998-01-01,82.98,84.005
1998-02-01,102.1,85.6125
1998-02-01,67.02,85.61833333333334
1998-02-01,82.9,84.02666666666666
1998-03-01,67.08,82.70833333333333
1998-03-01,82.98,84.03833333333334
1998-03-01,102.2,84.04666666666667
1998-04-01,82.81,85.3625
1998-04-01,102.0,85.35416666666667
1998-04-01,66.95,84.025
1998-05-01,83.06,82.42999999999999
1998-05-01,102.3,85.36500000000001
1998-05-01,67.15,84.04583333333333
1998-06-01,83.06,82.45916666666666
1998-06-01,67.15,82.47000000000001
1998-06-01,102.3,84.08666666666667
1998-07-01,67.28,84.10333333333334
1998-07-01,102.5,85.73
1998-07-01,83.22,84.14833333333333
1998-08-01,67.28,82.85416666666667
1998-08-01,102.5,82.89583333333333
1998-08-01,83.22,84.25166666666667
1998-09-01,67.28,82.93666666666667
1998-09-01,102.5,82.95333333333333
1998-09-01,83.22,84.2925
1998-10-01,67.28,82.9775
1998-10-01,102.5,85.92333333333333
1998-10-01,83.22,84.33333333333333
1998-11-01,67.35,84.33916666666667
1998-11-01,83.3,82.73916666666666
1998-11-01,102.6,84.35416666666667
1998-12-01,83.22,85.6825
1998-12-01,102.5,85.6825
1998-12-01,67.28,84.35416666666667
1999-01-01,81.84,85.5675
1999-01-01,100.8,85.42583333333333
1999-01-01,66.16,84.00416666666666
1999-02-01,102.7,86.95583333333333
1999-02-01,67.41,84.03166666666667
1999-02-01,83.38,84.045
1999-03-01,67.48,84.05583333333333
1999-03-01,83.46,84.06916666666666
1999-03-01,102.8,84.08583333333333
1999-04-01,67.81,82.80166666666666
1999-04-01,83.87,81.24916666666665
1999-04-01,103.3,84.25083333333333
1999-05-01,68.0,83.09750000000001
1999-05-01,103.6,83.33083333333333
1999-05-01,84.11,84.82666666666667
1999-06-01,103.5,84.89333333333333
1999-06-01,84.03,86.27833333333332
1999-06-01,67.94,84.99166666666666
1999-07-01,102.2,87.88499999999999
1999-07-01,82.98,87.84499999999998
1999-07-01,67.08,84.86833333333333
1999-08-01,103.9,87.87583333333333
1999-08-01,84.36,87.91666666666667
1999-08-01,68.2,84.99166666666666
1999-09-01,104.1,88.0
1999-09-01,84.52,86.41000000000001
1999-09-01,68.33,85.09500000000001
1999-10-01,104.4,85.17
1999-10-01,68.53,83.87833333333333
1999-10-01,84.76,85.28
1999-11-01,68.59,82.47916666666667
1999-11-01,84.84,82.63416666666667
1999-11-01,104.5,85.7525
1999-12-01,68.86,82.8325
1999-12-01,85.17,82.9
1999-12-01,104.9,85.95833333333333
2000-01-01,84.68,84.34
2000-01-01,104.3,85.98833333333334
2000-01-01,68.46,85.99916666666667
2000-02-01,105.4,86.0825
2000-02-01,69.18,86.13666666666667
2000-02-01,85.57,86.20416666666667
2000-03-01,105.9,89.31333333333333
2000-03-01,69.51,88.03583333333334
2000-03-01,85.98,86.4925
2000-04-01,106.6,89.6375
2000-04-01,86.55,89.7525
2000-04-01,69.97,86.84166666666665
2000-05-01,86.55,86.9975
2000-05-01,106.6,87.18916666666667
2000-05-01,69.97,87.315
2000-06-01,87.77,85.84583333333335
2000-06-01,108.1,89.08916666666666
2000-06-01,70.96,87.87166666666667
2000-07-01,107.0,87.96333333333332
2000-07-01,70.23,88.02333333333333
2000-07-01,86.87,88.09750000000001
2000-08-01,70.69,85.105
2000-08-01,87.44,85.17916666666666
2000-08-01,107.7,88.32333333333332
2000-09-01,71.22,87.04583333333333
2000-09-01,88.09,85.50333333333333
2000-09-01,108.5,88.71416666666666
2000-10-01,88.42,88.76833333333333
2000-10-01,108.9,88.835
2000-10-01,71.48,88.87833333333333
2000-11-01,109.2,89.06166666666667
2000-11-01,71.68,89.1825
2000-11-01,88.66,89.33166666666666
2000-12-01,109.4,92.5575
2000-12-01,71.81,91.255
2000-12-01,88.82,89.68166666666667
2001-01-01,70.43,89.61583333333333
2001-01-01,87.12,89.53500000000001
2001-01-01,107.3,89.435
2001-02-01,88.12,89.41000000000001
2001-02-01,108.5,89.37666666666667
2001-02-01,71.24,89.35666666666667
2001-03-01,88.57,87.63749999999999
2001-03-01,109.1,90.75583333333333
2001-03-01,71.6,89.33416666666666
2001-04-01,88.92,87.6275
2001-04-01,71.89,87.63416666666666
2001-04-01,109.5,89.3575
2001-05-01,72.63,89.54083333333334
2001-05-01,110.7,91.50583333333333
2001-05-01,89.84,90.05083333333334
2001-06-01,72.88,88.78083333333335
2001-06-01,111.1,88.9975
2001-06-01,90.15,90.57333333333334
2001-07-01,71.94,89.1875
2001-07-01,109.6,89.22916666666667
2001-07-01,88.99,90.67833333333334
2001-08-01,72.47,89.3075
2001-08-01,110.4,92.51666666666667
2001-08-01,89.64,90.86166666666666
2001-09-01,110.6,94.02583333333332
2001-09-01,89.76,92.28083333333335
2001-09-01,72.57,90.84166666666665
2001-10-01,89.87,92.2575
2001-10-01,110.7,92.22416666666668
2001-10-01,72.65,90.76583333333333
2001-11-01,89.92,92.26416666666667
2001-11-01,110.8,92.36416666666668
2001-11-01,72.7,91.00666666666666
2001-12-01,110.4,94.1675
2001-12-01,72.47,91.00666666666666
2001-12-01,89.63,91.00583333333334
2002-01-01,71.96,87.78583333333334
2002-01-01,89.01,87.72333333333334
2002-01-01,109.6,90.80916666666667
2002-02-01,72.8,89.38666666666666
2002-02-01,90.05,87.66583333333334
2002-02-01,110.9,90.85333333333334
2002-03-01,72.85,89.43083333333334
2002-03-01,111.0,89.4475
2002-03-01,90.11,90.89833333333333
2002-04-01,111.7,91.00666666666666
2002-04-01,90.64,92.52083333333333
2002-04-01,73.28,91.15833333333335
2002-05-01,112.1,94.50333333333333
2002-05-01,90.98,94.6675
2002-05-01,73.55,91.66333333333334
2002-06-01,112.4,94.96333333333335
2002-06-01,91.25,95.06333333333333
2002-06-01,73.77,91.96916666666668
2002-07-01,111.7,95.20666666666666
2002-07-01,90.69,93.51416666666665
2002-07-01,73.32,92.11500000000001
2002-08-01,112.7,92.19833333333332
2002-08-01,73.93,90.80583333333334
2002-08-01,91.45,92.32
2002-09-01,74.19,89.16083333333334
2002-09-01,91.76,89.22583333333334
2002-09-01,113.0,92.51333333333334
2002-10-01,74.5,89.355
2002-10-01,92.15,89.43
2002-10-01,113.5,92.74083333333334
2002-11-01,92.28,91.1225
2002-11-01,113.7,93.04
2002-11-01,74.61,93.1475
2002-12-01,113.5,93.21416666666666
2002-12-01,74.49,93.26083333333332
2002-12-01,92.13,93.31750000000001
2003-01-01,113.2,96.56833333333334
2003-01-01,74.29,95.11250000000001
2003-01-01,91.89,93.35333333333334
2003-02-01,114.5,96.68666666666667
2003-02-01,92.93,96.75166666666667
2003-02-01,75.13,93.55416666666667
2003-03-01,93.42,93.64916666666666
2003-03-01,75.53,90.46833333333332
2003-03-01,115.1,93.84250000000002
2003-04-01,93.27,92.15666666666668
2003-04-01,75.41,92.23333333333333
2003-04-01,114.9,94.13083333333334
2003-05-01,93.1,92.45583333333333
2003-05-01,75.27,92.53750000000001
2003-05-01,114.7,94.43833333333333
2003-06-01,93.09,92.65416666666665
2003-06-01,75.26,91.18166666666667
2003-06-01,114.7,94.47916666666667
2003-07-01,74.72,92.92083333333333
2003-07-01,113.9,96.11833333333334
2003-07-01,92.43,94.22916666666667
2003-08-01,115.3,96.065
2003-08-01,75.64,96.08416666666666
2003-08-01,93.56,94.30583333333334
2003-09-01,116.0,96.21416666666666
2003-09-01,76.13,96.28583333333334
2003-09-01,94.17,94.57499999999999
2003-10-01,75.79,93.13333333333334
2003-10-01,93.75,94.67416666666668
2003-10-01,115.5,94.74083333333334
2003-11-01,94.17,96.36166666666666
2003-11-01,116.0,96.53666666666668
2003-11-01,76.13,95.17833333333334
2003-12-01,94.35,93.4325
2003-12-01,116.2,96.8125
2003-12-01,76.28,95.3725
2004-01-01,94.03,93.54166666666667
2004-01-01,76.02,93.53249999999998
2004-01-01,115.8,95.335
2004-02-01,76.98,95.43416666666666
2004-02-01,95.22,95.55666666666666
2004-02-01,117.3,95.70666666666666
2004-03-01,77.05,94.28000000000002
2004-03-01,95.3,92.55499999999999
2004-03-01,117.4,95.99416666666667
2004-04-01,95.77,96.1125
2004-04-01,118.0,96.2625
2004-04-01,77.43,96.35833333333333
2004-05-01,118.7,98.41416666666667
2004-05-01,77.87,98.56833333333333
2004-05-01,96.32,96.945
2004-06-01,119.2,100.46333333333332
2004-06-01,78.21,99.04583333333333
2004-06-01,96.73,97.33166666666666
2004-07-01,77.55,97.37333333333333
2004-07-01,95.92,97.42500000000001
2004-07-01,118.2,97.49166666666667
2004-08-01,96.95,97.58999999999999
2004-08-01,119.4,97.70666666666666
2004-08-01,78.38,97.78583333333334
2004-09-01,97.1,95.98583333333333
2004-09-01,119.6,99.46333333333332
2004-09-01,78.5,97.97833333333334
2004-10-01,120.2,98.06166666666667
2004-10-01,78.87,98.11666666666667
2004-10-01,97.55,98.185
2004-11-01,79.15,98.31833333333333
2004-11-01,97.9,98.48333333333333
2004-11-01,120.6,98.68333333333332
2004-12-01,78.94,97.1825
2004-12-01,97.64,95.36916666666667
2004-12-01,120.3,98.8625
2005-01-01,78.15,97.28333333333335
2005-01-01,119.1,97.24166666666667
2005-01-01,96.67,98.75583333333334
2005-02-01,121.1,98.83083333333333
2005-02-01,98.34,100.45333333333332
2005-02-01,79.51,98.94999999999999
2005-03-01,121.5,102.47916666666667
2005-03-01,98.61,102.53833333333334
2005-03-01,79.72,99.13166666666667
2005-04-01,122.5,102.76166666666667
2005-04-01,99.42,102.90999999999998
2005-04-01,80.37,99.5825
2005-05-01,123.0,103.32
2005-05-01,99.87,101.71749999999999
2005-05-01,80.74,100.38999999999999
2005-06-01,99.82,98.61666666666667
2005-06-01,80.7,97.14666666666666
2005-06-01,123.0,100.77083333333333
2005-07-01,80.62,97.36416666666668
2005-07-01,99.72,97.45666666666666
2005-07-01,122.8,101.04666666666667
2005-08-01,81.72,97.64833333333333
2005-08-01,101.08,97.78666666666668
2005-08-01,124.5,101.46416666666666
2005-09-01,101.62,99.6825
2005-09-01,125.2,101.79333333333334
2005-09-01,82.16,101.91166666666668
2005-10-01,126.2,104.11
2005-10-01,82.82,104.28666666666668
2005-10-01,102.44,102.57333333333334
2005-11-01,124.9,106.26333333333334
2005-11-01,81.97,104.78416666666665
2005-11-01,101.39,103.0
2005-12-01,124.4,106.55666666666667
2005-12-01,101.02,106.55166666666668
2005-12-01,81.67,102.9825
2006-01-01,100.63,102.89999999999999
2006-01-01,124.0,102.8
2006-01-01,81.35,102.7325
2006-02-01,102.13,100.72666666666667
2006-02-01,125.8,104.30833333333334
2006-02-01,82.57,102.65249999999999
2006-03-01,126.0,102.74416666666666
2006-03-01,82.71,102.80583333333334
2006-03-01,102.31,102.8825
2006-04-01,83.11,99.44166666666666
2006-04-01,102.81,99.59083333333332
2006-04-01,126.6,103.335
2006-05-01,83.62,101.9175
2006-05-01,103.43,100.20333333333333
2006-05-01,127.4,104.04083333333334
2006-06-01,103.7,104.17166666666667
2006-06-01,127.7,104.33
2006-06-01,83.84,104.43583333333333
2006-07-01,127.0,104.51916666666666
2006-07-01,83.33,104.57083333333333
2006-07-01,103.08,104.635
2006-08-01,128.4,108.40916666666665
2006-08-01,84.26,106.86333333333334
2006-08-01,104.23,104.99916666666668
2006-09-01,83.8,105.01416666666667
2006-09-01,103.65,105.03249999999998
2006-09-01,127.7,105.0575
2006-10-01,103.08,105.00583333333333
2006-10-01,127.0,104.94749999999999
2006-10-01,83.34,104.90583333333335
2006-11-01,103.19,102.92166666666668
2006-11-01,127.1,106.56916666666666
2006-11-01,83.43,104.93166666666667
2006-12-01,103.28,102.83833333333335
2006-12-01,83.5,102.77499999999999
2006-12-01,127.2,104.68916666666668
2007-01-01,83.22,104.64083333333333
2007-01-01,126.8,106.57000000000001
2007-01-01,102.93,104.50583333333333
2007-02-01,84.09,102.92333333333335
2007-02-01,128.1,103.015
2007-02-01,104.01,104.7375
2007-03-01,84.66,103.19333333333333
2007-03-01,129.0,103.35166666666667
2007-03-01,104.72,105.12583333333333
2007-04-01,85.15,103.61500000000001
2007-04-01,129.8,107.47333333333334
2007-04-01,105.33,105.65083333333332
2007-05-01,85.52,105.84250000000002
2007-05-01,105.79,104.09166666666665
2007-05-01,130.3,106.37250000000002
2007-06-01,106.04,108.20166666666667
2007-06-01,130.6,108.41000000000001
2007-06-01,85.73,106.88666666666667
2007-07-01,105.19,108.59750000000001
2007-07-01,129.6,108.6475
2007-07-01,85.04,107.0075
2007-08-01,130.8,110.81166666666668
2007-08-01,85.83,107.1475
2007-08-01,106.17,107.21750000000002
2007-09-01,85.89,107.24833333333333
2007-09-01,106.24,107.28583333333334
2007-09-01,130.9,107.33583333333335
2007-10-01,86.35,105.695
2007-10-01,106.81,103.71249999999999
2007-10-01,131.6,107.53500000000001
2007-11-01,86.77,106.0
2007-11-01,132.2,106.21666666666665
2007-11-01,107.33,108.07416666666667
2007-12-01,132.7,108.2325
2007-12-01,87.09,108.33749999999999
2007-12-01,107.73,108.46750000000002
2008-01-01,132.1,112.31833333333333
2008-01-01,86.71,110.69083333333333
2008-01-01,107.26,108.72083333333332
2008-02-01,87.58,108.82333333333332
2008-02-01,108.34,108.95083333333334
2008-02-01,133.5,109.10916666666667
2008-03-01,109.3,110.98666666666666
2008-03-01,134.6,111.18666666666665
2008-03-01,88.37,109.60666666666667
2008-04-01,109.81,107.69916666666666
2008-04-01,135.3,111.71666666666665
2008-04-01,88.78,110.13749999999999
2008-05-01,136.6,110.5125
2008-05-01,89.66,110.75833333333333
2008-05-01,110.91,111.0625
2008-06-01,90.31,111.29
2008-06-01,111.7,111.57
2008-06-01,137.6,111.91166666666668
2008-07-01,89.97,110.30083333333333
2008-07-01,111.29,108.35833333333335
2008-07-01,137.1,112.41916666666667
2008-08-01,111.28,112.54166666666667
2008-08-01,137.1,112.69166666666668
2008-08-01,89.97,112.79083333333334
2008-09-01,137.2,112.84083333333332
2008-09-01,90.05,112.87333333333333
2008-09-01,111.38,112.91250000000001
2008-10-01,136.7,116.77833333333335
2008-10-01,89.68,114.94333333333333
2008-10-01,110.93,112.72083333333332
2008-11-01,134.9,116.46500000000002
2008-11-01,109.47,116.31333333333332
2008-11-01,88.51,112.26416666666667
2008-12-01,108.49,112.03166666666668
2008-12-01,87.71,107.91583333333334
2008-12-01,133.6,111.55166666666668
2009-01-01,107.26,109.05666666666667
2009-01-01,86.71,108.77833333333335
2009-01-01,132.1,110.505
2009-02-01,109.15,108.20916666666669
2009-02-01,88.24,108.08916666666669
2009-02-01,134.5,110.05333333333333
2009-03-01,109.0,107.89499999999998
2009-03-01,88.13,106.11666666666667
2009-03-01,134.3,109.93249999999999
2009-04-01,88.55,108.27083333333331
2009-04-01,134.9,112.20333333333333
2009-04-01,109.53,110.19749999999999
2009-05-01,135.3,112.53416666666665
2009-05-01,88.82,112.71
2009-05-01,109.86,110.85666666666667
2009-06-01,136.3,113.11916666666666
2009-06-01,89.42,113.21749999999999
2009-06-01,110.61,111.22666666666667
2009-07-01,88.63,109.52916666666665
2009-07-01,109.63,111.32083333333333
2009-07-01,135.1,111.3875
2009-08-01,111.07,113.26416666666667
2009-08-01,136.8,113.4225
2009-08-01,89.8,111.77833333333332
2009-09-01,110.91,109.74583333333334
2009-09-01,136.6,113.7275
2009-09-01,89.66,112.04416666666667
2009-10-01,110.71,109.91166666666668
2009-10-01,89.51,109.91916666666667
2009-10-01,136.4,112.06833333333334
2009-11-01,90.01,112.18333333333334
2009-11-01,137.1,114.47250000000001
2009-11-01,111.33,112.49166666666666
2009-12-01,89.91,110.72833333333334
2009-12-01,137.0,110.745
2009-12-01,111.21,112.52916666666668
2010-01-01,89.33,110.73083333333334
2010-01-01,136.1,110.68916666666667
2010-01-01,110.49,112.425
2010-02-01,90.27,110.72166666666665
2010-02-01,137.6,114.72916666666667
2010-02-01,111.66,112.66749999999998
2010-03-01,90.92,112.74333333333333
2010-03-01,112.46,110.69
2010-03-01,138.5,112.95416666666667
2010-04-01,112.94,114.87333333333333
2010-04-01,91.31,111.06583333333333
2010-04-01,139.1,113.38999999999999
2010-05-01,113.26,115.38416666666666
2010-05-01,91.57,111.67333333333333
2010-05-01,139.5,114.09083333333335
2010-06-01,113.18,116.0
2010-06-01,91.5,112.15833333333335
2010-06-01,139.4,114.47000000000001
2010-07-01,112.76,116.29
2010-07-01,91.16,114.515
2010-07-01,138.9,114.54833333333333
2010-08-01,113.85,114.62416666666667
2010-08-01,92.04,114.685
2010-08-01,140.2,114.77666666666669
2010-09-01,140.2,117.02166666666669
2010-09-01,113.84,118.8775
2010-09-01,92.04,114.9225
2010-10-01,140.4,117.19083333333333
2010-10-01,113.97,119.06333333333333
2010-10-01,92.14,115.125
2010-11-01,92.27,113.4175
2010-11-01,140.6,117.53750000000001
2010-11-01,114.13,115.47333333333334
2010-12-01,141.3,117.76083333333332
2010-12-01,92.71,117.81666666666666
2010-12-01,114.67,115.68916666666667
2011-01-01,140.8,115.73916666666668
2011-01-01,92.38,113.95083333333334
2011-01-01,114.27,115.80333333333334
2011-02-01,93.8,111.92
2011-02-01,116.02,112.09083333333332
2011-02-01,142.9,116.32083333333333
2011-03-01,94.59,116.51416666666667
2011-03-01,117.0,114.5475
2011-03-01,144.1,117.045
2011-04-01,117.42,115.055
2011-04-01,144.6,119.37916666666666
2011-04-01,94.93,117.73416666666667
2011-05-01,117.56,115.7975
2011-05-01,95.04,116.01916666666665
2011-05-01,144.8,118.56333333333333
2011-06-01,144.7,122.80499999999999
2011-06-01,94.98,121.05166666666666
2011-06-01,117.48,118.93333333333332
2011-07-01,116.4,120.75083333333333
2011-07-01,143.4,122.95083333333334
2011-07-01,94.11,118.78500000000001
2011-08-01,145.4,121.11666666666667
2011-08-01,95.41,117.0175
2011-08-01,118.02,118.94166666666666
2011-09-01,118.19,118.99416666666667
2011-09-01,95.55,119.03666666666668
2011-09-01,145.6,119.10333333333334
2011-10-01,118.28,116.90166666666666
2011-10-01,145.7,121.12833333333334
2011-10-01,95.63,119.3075
2011-11-01,146.2,121.79083333333334
2011-11-01,95.92,117.83416666666666
2011-11-01,118.65,119.87916666666666
2011-12-01,146.1,119.9375
2011-12-01,95.87,119.97583333333334
2011-12-01,118.58,120.0225
2012-01-01,145.3,122.28166666666668
2012-01-01,95.36,122.26583333333333
2012-01-01,117.95,119.96166666666666
2012-02-01,147.6,122.40499999999999
2012-02-01,96.87,118.33583333333333
2012-02-01,119.82,120.35166666666667
2012-03-01,97.33,116.27916666666665
2012-03-01,120.38,118.3175
2012-03-01,148.3,120.78833333333334
2012-04-01,120.91,118.68916666666668
2012-04-01,148.9,123.10833333333333
2012-04-01,97.75,121.3725
2012-05-01,120.71,119.32333333333334
2012-05-01,148.7,123.76833333333333
2012-05-01,97.59,122.07166666666666
2012-06-01,120.51,119.81416666666667
2012-06-01,148.5,124.11666666666666
2012-06-01,97.43,122.25083333333333
2012-07-01,119.52,124.10000000000001
2012-07-01,96.63,122.12083333333334
2012-07-01,147.2,122.02916666666665
2012-08-01,98.11,120.12916666666666
2012-08-01,121.36,117.83416666666666
2012-08-01,149.5,122.14666666666666
2012-09-01,98.62,120.30583333333334
2012-09-01,121.99,118.08
2012-09-01,150.3,122.47250000000001
2012-10-01,122.06,122.60166666666667
2012-10-01,150.4,122.76
2012-10-01,98.68,122.86416666666666
2012-11-01,98.51,121.11333333333333
2012-11-01,121.85,123.21499999999999
2012-11-01,150.1,123.45666666666666
2012-12-01,121.53,125.40833333333332
2012-12-01,149.7,127.77
2012-12-01,98.25,123.49916666666667
2013-01-01,97.41,123.39833333333333
2013-01-01,120.48,123.2725
2013-01-01,148.4,123.11416666666666
2013-02-01,99.24,121.21249999999999
2013-02-01,122.75,118.90833333333332
2013-02-01,151.2,123.28500000000001
2013-03-01,99.29,123.35000000000001
2013-03-01,151.3,125.80416666666667
2013-03-01,122.82,123.53083333333335
2013-04-01,99.41,121.6875
2013-04-01,151.5,121.83749999999999
2013-04-01,122.97,123.8975
2013-05-01,122.4,125.98
2013-05-01,98.96,124.18666666666667
2013-05-01,150.8,124.38666666666667
2013-06-01,151.4,128.73333333333335
2013-06-01,122.93,128.74833333333333
2013-06-01,99.38,124.43
2013-07-01,149.9,128.6475
2013-07-01,98.35,124.235
2013-07-01,121.65,124.1375
2013-08-01,99.77,124.16750000000002
2013-08-01,152.0,124.20916666666669
2013-08-01,123.4,124.245
2013-09-01,152.6,126.76166666666666
2013-09-01,100.15,126.86083333333333
2013-09-01,123.88,124.6175
2013-10-01,123.33,122.27833333333332
2013-10-01,99.7,120.34250000000002
2013-10-01,151.9,124.71916666666665
2013-11-01,99.61,120.52833333333335
2013-11-01,123.21,122.60000000000001
2013-11-01,151.8,125.11250000000001
2013-12-01,152.0,129.465
2013-12-01,99.76,125.11166666666666
2013-12-01,123.39,125.11083333333333
2014-01-01,150.6,124.94416666666667
2014-01-01,122.24,126.78500000000001
2014-01-01,98.83,124.69749999999999
2014-02-01,123.71,124.72916666666667
2014-02-01,152.4,129.1208333333333
2014-02-01,100.01,124.79666666666668
2014-03-01,152.5,129.20416666666665
2014-03-01,100.05,127.27416666666666
2014-03-01,123.76,124.9375
2014-04-01,152.8,125.00416666666666
2014-04-01,100.28,125.0475
2014-04-01,124.04,125.10166666666665
2014-05-01,152.9,125.29333333333334
2014-05-01,100.37,123.47083333333335
2014-05-01,124.15,125.58083333333333
2014-06-01,153.2,128.03833333333333
2014-06-01,100.56,123.71833333333332
2014-06-01,124.38,125.74916666666667
2014-07-01,151.7,125.6825
2014-07-01,123.16,127.60833333333333
2014-07-01,99.57,125.59249999999999
2014-08-01,100.47,121.23166666666667
2014-08-01,124.27,123.23083333333334
2014-08-01,153.1,125.65249999999999
2014-09-01,153.1,125.66916666666667
2014-09-01,100.45,125.67583333333333
2014-09-01,124.25,125.68416666666667
2014-10-01,123.86,123.23916666666666
2014-10-01,100.14,123.20416666666667
2014-10-01,152.6,125.55583333333333
2014-11-01,123.4,123.1975
2014-11-01,99.76,121.2475
2014-11-01,152.0,125.61666666666667
2014-12-01,98.82,125.47916666666667
2014-12-01,150.6,127.67333333333333
2014-12-01,122.24,125.10166666666667
2015-01-01,148.9,124.75166666666667
2015-01-01,120.84,126.45083333333332
2015-01-01,97.69,124.2375
2015-02-01,151.9,126.57416666666667
2015-02-01,123.3,128.50416666666666
2015-02-01,99.68,124.09416666666668
2015-03-01,152.5,126.51916666666666
2015-03-01,123.83,128.525
2015-03-01,100.11,124.20083333333332
2015-04-01,152.8,128.69916666666668
2015-04-01,124.0,126.48250000000002
2015-04-01,100.25,124.65000000000002
2015-05-01,124.68,122.63166666666666
2015-05-01,153.6,125.36166666666668
2015-05-01,100.8,125.62083333333334
2015-06-01,101.02,121.38083333333333
2015-06-01,153.9,123.93083333333334
2015-06-01,124.95,126.03666666666668
2015-07-01,152.0,125.995
2015-07-01,123.37,125.95666666666666
2015-07-01,99.74,125.92583333333333
2015-08-01,124.37,123.55666666666666
2015-08-01,153.2,125.99
2015-08-01,100.55,126.01499999999999
2015-09-01,124.02,125.96
2015-09-01,152.8,125.89333333333333
2015-09-01,100.27,125.84916666666668
2015-10-01,123.75,127.74333333333334
2015-10-01,100.05,123.25583333333333
2015-10-01,152.4,125.54333333333334
2015-11-01,123.92,123.20333333333332
2015-11-01,152.7,125.6475
2015-11-01,100.19,125.685
2015-12-01,123.28,125.59416666666668
2015-12-01,151.9,125.48583333333333
2015-12-01,99.66,125.41166666666668
2016-01-01,149.5,127.53500000000001
2016-01-01,98.13,122.97916666666667
2016-01-01,121.38,124.73833333333333
2016-02-01,151.4,127.0425
2016-02-01,99.37,126.98583333333333
2016-02-01,122.91,124.52833333333332
2016-03-01,99.49,122.4925
2016-03-01,123.06,120.0225
2016-03-01,151.6,124.30666666666666
2016-04-01,123.24,124.30333333333333
2016-04-01,151.8,124.295
2016-04-01,99.64,124.29333333333334
2016-05-01,152.6,124.55166666666668
2016-05-01,100.17,124.72166666666665
2016-05-01,123.91,124.9325
2016-06-01,153.3,125.09083333333332
2016-06-01,100.6,125.19333333333334
2016-06-01,124.44,125.32083333333333
2016-07-01,151.4,129.64666666666668
2016-07-01,99.33,127.66916666666667
2016-07-01,122.87,125.27499999999999
2016-08-01,124.08,125.34500000000001
2016-08-01,152.9,125.43666666666667
2016-08-01,100.32,125.49333333333334
2016-09-01,153.3,125.55166666666666
2016-09-01,124.42,127.5725
2016-09-01,100.59,125.62916666666666
2016-10-01,153.6,125.65416666666668
2016-10-01,100.77,125.66833333333334
2016-10-01,124.65,125.68583333333333
2016-11-01,100.82,121.47083333333335
2016-11-01,153.6,125.99333333333334
2016-11-01,124.7,126.14583333333333
2016-12-01,101.24,124.2425
2016-12-01,125.22,121.93583333333333
2016-12-01,154.3,126.43416666666667
2017-01-01,100.59,122.04166666666667
2017-01-01,124.42,122.04166666666667
2017-01-01,153.3,126.43416666666667
2017-02-01,155.5,126.59249999999999
2017-02-01,102.05,126.69916666666666
2017-02-01,126.22,126.83
2017-03-01,155.4,131.37833333333333
2017-03-01,126.14,129.09
2017-03-01,101.98,127.19666666666667
2017-04-01,126.45,129.29749999999999
2017-04-01,155.8,131.84583333333333
2017-04-01,102.23,127.50666666666666
2017-05-01,126.31,129.65
2017-05-01,102.11,127.79083333333334
2017-05-01,155.6,127.9825
2017-06-01,155.6,127.99083333333334
2017-06-01,126.28,130.01000000000002
2017-06-01,102.09,127.99916666666667
2017-07-01,154.1,127.89083333333333
2017-07-01,125.09,127.80333333333333
2017-07-01,101.13,127.7325
2017-08-01,156.3,130.22
2017-08-01,102.58,125.78500000000001
2017-08-01,126.88,127.83916666666669
2017-09-01,102.61,125.86416666666666
2017-09-01,126.92,127.93166666666667
2017-09-01,156.3,127.99
2017-10-01,156.6,128.07333333333332
2017-10-01,102.79,126.11583333333334
2017-10-01,127.14,128.20333333333335
2017-11-01,127.16,125.95833333333333
2017-11-01,156.6,128.58416666666668
2017-11-01,102.8,128.72333333333333
2017-12-01,156.7,128.75666666666666
2017-12-01,127.19,130.8075
2017-12-01,102.83,128.8033333333333
2018-01-01,155.3,133.19416666666666
2018-01-01,101.9,131.10916666666665
2018-01-01,126.04,128.5875
2018-02-01,103.14,124.13250000000001
2018-02-01,127.57,126.19749999999999
2018-02-01,157.1,128.69416666666666
2018-03-01,157.2,131.1975
2018-03-01,103.15,126.74333333333334
2018-03-01,127.59,128.80916666666667
2018-04-01,128.15,126.43
2018-04-01,157.9,128.98916666666665
2018-04-01,103.6,129.05333333333334
2018-05-01,128.91,126.85416666666667
2018-05-01,104.22,127.0475
2018-05-01,158.8,129.7775
2018-06-01,159.3,134.4575
2018-06-01,104.53,132.5375
2018-06-01,129.29,130.22
2018-07-01,103.63,125.75583333333333
2018-07-01,128.18,127.84166666666665
2018-07-01,157.9,130.3675
2018-08-01,129.95,130.5175
2018-08-01,105.06,126.11416666666668
2018-08-01,160.1,130.8225
2018-09-01,160.6,133.46333333333334
2018-09-01,130.35,135.64083333333335
2018-09-01,105.38,131.18916666666667
2018-10-01,105.64,126.71749999999999
2018-10-01,130.67,128.89583333333334
2018-10-01,161.0,131.53833333333333
2018-11-01,130.45,133.77333333333334
2018-11-01,160.7,136.48333333333332
2018-11-01,105.47,132.11416666666665
2018-12-01,129.61,132.08583333333334
2018-12-01,159.7,136.63916666666665
2018-12-01,104.78,132.02916666666667
2019-01-01,128.12,129.32250000000002
2019-01-01,157.8,131.60999999999999
2019-01-01,103.58,131.46
2019-02-01,160.5,136.03166666666667
2019-02-01,130.26,135.9975
2019-02-01,105.31,131.35666666666665
2019-03-01,161.0,133.9025
2019-03-01,105.63,129.31333333333333
2019-03-01,130.66,131.4125
2019-04-01,105.92,129.43833333333333
2019-04-01,131.02,127.04833333333333
2019-04-01,161.4,131.76666666666668
2019-05-01,106.47,129.9625
2019-05-01,162.2,130.32916666666668
2019-05-01,131.69,132.67166666666665
2019-06-01,106.11,128.13916666666668
2019-06-01,161.7,130.7591666666667
2019-06-01,131.25,132.92083333333335
2019-07-01,130.24,130.35750000000002
2019-07-01,105.3,130.33
2019-07-01,160.4,132.8083333333333
2019-08-01,162.3,137.5066666666667
2019-08-01,106.54,135.46666666666667
2019-08-01,131.78,132.99833333333333
2019-09-01,131.73,135.10333333333332
2019-09-01,106.5,130.46166666666667
2019-09-01,162.3,133.0125
2019-10-01,106.53,133.04749999999999
2019-10-01,131.76,130.55249999999998
2019-10-01,162.3,133.14
2019-11-01,131.8,133.27
2019-11-01,162.4,138.02833333333334
2019-11-01,106.56,133.54166666666669
2019-12-01,162.5,133.55833333333334
2019-12-01,106.68,133.57
2019-12-01,131.95,133.58416666666668
2020-01-01,161.8,136.09
2020-01-01,106.21,136.06583333333333
2020-01-01,131.38,133.48916666666668
2020-02-01,163.4,138.22833333333332
2020-02-01,107.25,136.18583333333333
2020-02-01,132.65,133.715
2020-03-01,105.99,131.56416666666667
2020-03-01,131.1,128.95583333333335
2020-03-01,161.5,133.53416666666666
2020-04-01,130.0,130.82583333333332
2020-04-01,160.1,135.2775
2020-04-01,105.1,133.04
2020-05-01,159.7,132.865
2020-05-01,104.78,132.74583333333334
2020-05-01,129.6,132.5975
2020-06-01,161.1,132.40583333333333
2020-06-01,105.72,132.27833333333334
2020-06-01,130.77,132.12166666666667
2020-07-01,130.37,134.15333333333334
2020-07-01,160.6,136.61166666666668
2020-07-01,105.4,131.93666666666667
2020-08-01,162.0,134.60333333333332
2020-08-01,106.34,130.12333333333333
2020-08-01,131.53,132.32583333333335
2020-09-01,106.13,127.86166666666666
2020-09-01,161.7,132.605
2020-09-01,131.27,132.74416666666667
2020-10-01,106.08,128.15916666666666
2020-10-01,161.6,132.81583333333336
2020-10-01,131.21,132.8525
2020-11-01,130.95,132.90083333333334
2020-11-01,105.86,128.33916666666667
2020-11-01,161.3,132.9975
2020-12-01,162.0,132.9975
2020-12-01,131.5,135.09416666666667
2020-12-01,106.32,132.9933333333333
2021-01-01,132.76,135.2125
2021-01-01,163.5,135.36249999999998
2021-01-01,107.33,133.3675
2021-02-01,106.67,133.41666666666666
2021-02-01,162.5,133.49166666666665
2021-02-01,131.94,133.55249999999998
2021-03-01,108.59,131.68916666666667
2021-03-01,134.31,134.06
2021-03-01,165.5,134.41
2021-04-01,134.28,132.1
2021-04-01,165.4,134.92499999999998
2021-04-01,108.56,135.11166666666668
2021-05-01,109.02,133.13333333333335
2021-05-01,134.85,130.74583333333334
2021-05-01,166.1,135.64333333333332
2021-06-01,109.35,135.86666666666667
2021-06-01,166.6,136.20833333333334
2021-06-01,135.25,136.48416666666665
2021-07-01,166.0,141.26833333333335
2021-07-01,134.72,141.30249999999998
2021-07-01,108.92,136.5875
2021-08-01,136.16,136.74416666666664
2021-08-01,110.08,132.1341666666667
2021-08-01,167.7,137.06249999999997
2021-09-01,136.56,139.3575
2021-09-01,110.4,137.32
2021-09-01,168.2,137.495
2021-10-01,111.75,137.695
2021-10-01,138.22,135.33
2021-10-01,170.3,138.25083333333333
2021-11-01,112.56,133.79749999999999
2021-11-01,139.22,134.17249999999999
2021-11-01,171.5,139.3875
2021-12-01,138.67,139.59666666666666
2021-12-01,112.11,139.76583333333332
2021-12-01,170.8,140.02416666666667
2022-01-01,112.3,138.00250000000003
2022-01-01,171.1,143.06083333333333
2022-01-01,138.91,140.62
2022-02-01,142.22,143.15916666666666
2022-02-01,175.2,146.2408333333333
2022-02-01,114.98,141.63083333333333
2022-03-01,144.99,144.33333333333334
2022-03-01,178.6,147.615
2022-03-01,117.22,143.09166666666667
2022-04-01,180.2,146.55249999999998
2022-04-01,146.32,149.40333333333334
2022-04-01,118.29,145.0275
2022-05-01,181.2,150.76916666666668
2022-05-01,147.13,148.77166666666668
2022-05-01,118.95,147.10833333333332
2022-06-01,120.65,145.3108333333333
2022-06-01,183.8,146.0275
2022-06-01,149.24,148.88250000000002
2022-07-01,119.04,146.72
2022-07-01,181.4,146.95333333333335
2022-07-01,147.24,149.455
2022-08-01,147.86,146.76000000000002
2022-08-01,119.54,144.52833333333334
2022-08-01,182.1,149.84583333333333
2022-09-01,120.15,144.75833333333335
2022-09-01,183.1,147.75583333333336
2022-09-01,148.61,150.2275
2022-10-01,185.3,155.615
2022-10-01,150.44,152.835
2022-10-01,121.62,150.53333333333333
2022-11-01,149.4,153.06333333333333
2022-11-01,120.79,148.01250000000002
2022-11-01,184.0,151.07583333333332
2022-12-01,147.3,151.02916666666667
2022-12-01,119.09,150.99166666666667
2022-12-01,181.5,150.9416666666667
2023-01-01,146.92,153.1725
2023-01-01,118.78,147.81250000000003
2023-01-01,181.0,150.51166666666668
2023-02-01,148.99,147.48583333333335
2023-02-01,120.45,144.98666666666665
2023-02-01,183.5,150.14333333333332
2023-03-01,183.9,153.01833333333335
2023-03-01,149.26,155.39083333333335
2023-03-01,120.67,150.11333333333334
2023-04-01,185.1,153.26333333333332
2023-04-01,150.28,155.86249999999998
2023-04-01,121.5,150.86249999999998
2023-05-01,184.8,154.01916666666668
2023-05-01,121.27,154.22666666666666
2023-05-01,150.0,151.64333333333335
2023-06-01,121.81,149.37833333333333
2023-06-01,185.6,154.8075
2023-06-01,150.67,152.0716666666667
2023-07-01,121.46,146.86833333333334
2023-07-01,185.1,149.855
2023-07-01,150.24,152.31916666666666
2023-08-01,188.6,152.61083333333335
2023-08-01,123.75,150.4
2023-08-01,153.06,153.03
2023-09-01,124.21,147.98083333333332
2023-09-01,189.3,153.65
2023-09-01,153.64,153.95333333333335
2023-10-01,124.12,154.14583333333334
2023-10-01,153.52,151.4725
2023-10-01,189.1,154.67499999999998
2023-11-01,188.0,160.22
2023-11-01,123.36,155.07500000000002
2023-11-01,152.58,155.27
2023-12-01,151.96,152.21666666666667
2023-12-01,187.2,157.50416666666666
2023-12-01,122.85,154.98666666666665
2024-01-01,151.29,157.2433333333333
2024-01-01,122.31,151.66083333333333
2024-01-01,186.4,154.39083333333332
2024-02-01,189.5,159.83916666666667
2024-02-01,153.8,159.86249999999998
2024-02-01,124.34,154.46583333333334
2024-03-01,189.8,154.61583333333334
2024-03-01,154.06,157.17416666666665
2024-03-01,124.55,154.83833333333334
2024-04-01,154.77,155.07250000000002
2024-04-01,125.13,149.9
2024-04-01,190.7,155.55416666666667
2024-05-01,154.86,155.8516666666667
2024-05-01,125.2,156.0925
2024-05-01,190.8,156.45916666666668
2024-06-01,154.85,153.5716666666667
2024-06-01,190.8,156.655
2024-06-01,125.19,156.72583333333333
2024-07-01,190.0,156.7425
2024-07-01,124.68,154.29416666666668
2024-07-01,154.22,156.76666666666665
2024-08-01,155.69,156.84333333333333
2024-08-01,125.87,156.905
2024-08-01,191.8,156.99666666666667
2024-09-01,154.93,157.0025
2024-09-01,190.8,162.46916666666667
2024-09-01,125.25,157.00666666666666
2024-10-01,125.18,154.53416666666666
2024-10-01,154.84,151.5375
2024-10-01,190.7,156.99666666666667
2024-11-01,154.23,154.01583333333335
2024-11-01,124.69,154.01666666666665
2024-11-01,190.0,156.99833333333333
2024-12-01,190.2,159.87416666666667
2024-12-01,154.41,162.2525
2024-12-01,124.84,156.67249999999999
2025-01-01,125.24,154.19833333333332
2025-01-01,154.91,151.2075
2025-01-01,190.8,156.67
2025-02-01,156.66,159.29333333333332
2025-02-01,193.0,162.47333333333333
2025-02-01,126.66,157.13666666666666
2025-03-01,156.45,157.32166666666666
2025-03-01,192.7,162.98916666666668
2025-03-01,126.48,157.69583333333333
2025-04-01,157.42,154.96416666666667
2025-04-01,193.9,158.255
2025-04-01,127.27,158.4575
2025-05-01,194.9,164.26250000000002
2025-05-01,127.88,162.01
2025-05-01,158.18,159.29166666666666
2025-06-01,158.61,159.45416666666665
2025-06-01,195.4,159.65416666666667
2025-06-01,128.23,159.785
2025-07-01,194.8,162.98083333333332
2025-07-01,158.16,160.1025
2025-07-01,127.86,160.2175
2025-08-01,159.98,160.43083333333334
2025-08-01,129.34,155.05083333333332
2025-08-01,197.1,160.87
2025-09-01,129.17,155.39249999999998
2025-09-01,196.8,161.13583333333335
2025-09-01,159.78,161.26916666666668
2025-10-01,128.99,158.80083333333334
2025-10-01,196.5,158.8925
2025-10-01,159.55,161.5025
2025-11-01,196.8,161.66916666666665
2025-11-01,159.72,161.79916666666665
2025-11-01,129.13,161.905
2025-12-01,128.92,159.31666666666666
2025-12-01,159.46,161.82666666666668
2025-12-01,196.4,161.76833333333335
